Contact_Id,Street,City,State,Zip,Email,Phone,Site;
1,'','','','','','','';
1,'','','','','','','';
1,'','','','','','','';
1,'','','','','','','';
1,'','','','','','','';
1,'','','','','','','';
1,'','','','','','','';
1,'','','','','','','';
1,'','','','','','','';
1,'','','','','','','';
1,'','','','','','','';
1,'','','','','','','';
1,'','','','','','','';
1,'','','','','','','';
1,'','','','','','','';
1,'','','','','','','';
1,'','','','','','','';
1,'','','','','','','';
1,'','','','','','','';
1,'','','','','','','';
1,'','','','','','','';